id,name,address,birthdate,nationality
1,John Jackson,"60183 Mcconnell Circles Suite 811
Mayshire, VT 05743",1954-06-21,Congo
2,Willie Jacobs,"USS Reyes
FPO AP 74647",1958-06-07,Botswana
3,Chad Dalton,"4787 Smith Mission Apt. 650
South Harry, VA 36511",1992-05-02,Cambodia
4,Whitney Vincent,"16321 Aguirre Station
East Joanna, TX 78424",1958-04-30,Djibouti
5,Jennifer Padilla,"PSC 1816, Box 1277
APO AE 74283",1972-01-27,Mayotte
6,Sara Johnson,"Unit 3510 Box 4971
DPO AE 33951",1988-08-26,Marshall Islands
7,Jennifer Herring,"5832 Davis Lane Apt. 649
New Kevin, FL 21611",1984-12-27,Cyprus
8,Tammy Hall,"5846 Brown Walk
East Duane, NE 10860",1994-06-30,Cocos (Keeling) Islands
9,Mary Miller,"05322 Rocha Alley Suite 477
Jenniferchester, MT 29301",1995-07-20,Falkland Islands (Malvinas)
10,Michele Ortiz,"1243 Pratt Port
Devinmouth, ND 86919",1959-02-22,French Southern Territories
11,Jeanette Smith,"USCGC Williams
FPO AP 04506",1963-10-14,Czech Republic
12,Charles Cooper,"83354 Taylor Ridges Suite 574
North Jenniferfort, IA 54878",1995-04-10,Tunisia
13,Benjamin Freeman PhD,"8202 Mark Skyway
New Sabrinamouth, NY 20828",1966-03-05,Equatorial Guinea
14,Molly Cain,"1181 Mccann Street Apt. 999
Christytown, WA 19835",1954-11-04,Brazil
15,Maria Becker,"402 Veronica Crest Apt. 384
South Ashley, OH 29922",1970-07-22,Australia
16,David Jones,"529 April Ville Suite 875
Port Geraldside, IA 77072",1990-08-30,Burundi
17,Denise Neal,"2000 Mosley Burg Apt. 222
East Johnstad, FM 71304",1961-01-09,Maldives
18,Robin Blackwell,"64662 Hanna Drive
Lake Melody, IA 97688",1991-02-05,Gabon
19,Melissa Frazier,"0983 Morton Island
Brettview, LA 18166",1995-08-11,Switzerland
20,Lori Perry,"597 Sylvia Mission Suite 832
South Angelaburgh, PA 96616",1991-11-16,Montserrat
21,Samuel Bowers,"USS Walker
FPO AA 05944",1963-02-02,Yemen
22,Mary Evans,"PSC 0027, Box 0264
APO AP 14621",1988-08-22,Bulgaria
23,Timothy Park,"5986 Ramos Creek Suite 980
South John, HI 01302",1995-05-25,Oman
24,Gerald Gonzalez,"585 Tyler Prairie Suite 789
Rodriguezstad, RI 28090",1965-05-30,French Guiana
25,David Rosario,"7408 Boyd Neck
Lake Sarahmouth, LA 15527",1972-09-04,Bermuda
26,Brianna Weber,"65425 Eddie Brooks Apt. 486
Coleside, UT 34993",1972-06-18,Bangladesh
27,Kenneth Harris,"PSC 4469, Box 3917
APO AA 30544",1972-08-14,Cyprus
28,Jordan Ross,"21027 Molly Valley
East Joseph, TX 54250",1967-03-17,Malawi
29,Debra Bell,"342 Gill Islands
West Rebecca, DE 14267",1965-08-24,Northern Mariana Islands
30,April Mccarthy,"0523 Booker Loaf
Lindseyview, UT 30968",1976-10-09,Georgia
31,Kelly Diaz,"74172 Regina Prairie Apt. 644
North Candacefurt, SD 42391",1991-11-27,Togo
32,Kevin Anderson,"02974 Alexandra Gateway Suite 319
West Belindaberg, UT 21220",1961-07-05,Saint Martin
33,Shannon Garcia,"1449 Marks Ports Suite 277
Geraldhaven, SC 50017",1995-05-13,South Georgia and the South Sandwich Islands
34,Chelsea Pierce,"994 Perez Row Apt. 304
East Juliechester, AK 39724",1981-04-27,Reunion
35,William King,"35201 Bray Burgs Apt. 159
West Travis, VT 65681",1959-10-14,Estonia
36,Teresa Wells,"5927 Amber Isle Suite 490
Perezshire, VI 20155",1979-07-15,French Southern Territories
37,Brandon Brooks,"8964 Shannon Prairie
Stephaniemouth, MO 48401",1959-03-11,Lithuania
38,Joseph Sanders,"82981 Osborn Circles Suite 997
Katherineborough, OH 69155",1983-11-15,Grenada
39,Christopher Johnston,"Unit 8341 Box 6258
DPO AP 72722",1961-06-11,Saudi Arabia
40,John Monroe,"57930 Laura Radial Apt. 863
Mackmouth, WY 47839",1954-11-30,Dominica
41,Joshua Powers,"030 Bell Station
Thorntontown, CT 91889",1989-01-11,Namibia
42,Ethan Stewart,"81138 Atkinson Pines Suite 859
Kelleyberg, VA 57993",1967-07-19,Switzerland
43,Luke Price,"51095 Case Neck Apt. 473
Monicatown, FL 21375",1961-06-20,Saint Lucia
44,Leon Morse,"USNS Reynolds
FPO AA 47044",1972-12-19,Paraguay
45,Danielle Lewis,"102 Molina Way Apt. 637
Kaneville, OH 58005",1960-04-10,Isle of Man
46,William Williams,"7723 Mitchell Trafficway
Lopezmouth, MN 46361",1959-04-23,South Africa
47,John Leon,"42002 Stephen Rue Suite 531
East Eugenehaven, NC 71199",1976-01-24,Sudan
48,William Avery,"5512 Mills Shoals
Wendyburgh, NM 92846",1972-09-10,Finland
49,Heather Gill,"389 Blackburn Tunnel
Donnaville, NJ 11038",1986-07-30,Ecuador
50,Robert Browning,"880 Berry Views Suite 243
Stephanieburgh, NH 55929",1963-11-22,Colombia
51,Nicholas Roman,"2472 Delgado Lights Apt. 077
New Patrick, MP 72144",1956-03-14,Chad
52,Kayla Smith,"29780 Stewart Rapids Apt. 903
South Richard, OH 06499",1963-08-26,French Polynesia
53,Alex Johnson,"25801 Destiny Drives
Knoxburgh, NH 48220",1979-07-06,Sierra Leone
54,Kenneth Wilson,"794 Peter Station Apt. 402
Yatestown, NV 91590",1993-12-06,Bouvet Island (Bouvetoya)
55,Kathleen Soto,"024 Kristin Cove Suite 183
Alejandroview, MS 13450",1964-08-01,Tuvalu
56,Anthony Carr,"9078 Edwards Wells
West Vanessa, AR 72388",1988-09-17,Malaysia
57,Daniel Owens,"54067 Paul Gateway Suite 358
East Carlosville, DC 39628",1988-01-08,Liechtenstein
58,Mary Lane,"2939 Wagner Loop Apt. 119
West Erikafurt, NY 43843",1968-09-17,Isle of Man
59,Zachary Williams,"532 Rodriguez Key
Nicholsberg, DE 43133",1970-04-12,Tonga
60,Todd Brown,"17887 Cole Corner
West Jamesmouth, MN 62037",1988-05-16,Costa Rica
61,Renee Watts,"228 Kirk Rest Apt. 222
Stefanieville, NV 59719",1982-11-15,Turks and Caicos Islands
62,David Bell,"5176 Brett Course
Woodmouth, AS 45417",1984-01-23,Costa Rica
63,Catherine Ford,"054 Manuel Mall Apt. 469
Michaelborough, CO 14424",1958-09-02,Haiti
64,Joshua Jackson,"323 Pitts Estates
North Kelsey, GA 89281",1960-03-01,Singapore
65,Alexis Lewis,"Unit 5256 Box 7082
DPO AP 98994",1957-02-02,Nepal
66,Abigail Hull,"280 Kevin Hollow
West Rachaelmouth, PW 46169",1987-06-05,Mauritius
67,Mary Martin,"7978 Hayes Extensions
Normanside, KS 65648",1975-10-17,Croatia
68,John Francis,"7972 Robert Vista
Michaelton, VT 59796",1985-10-04,Singapore
69,Richard Ramirez,"050 Gail Fork Suite 543
Lake Eugenechester, CT 25717",1954-07-04,Dominica
70,Janet Hanna,"5004 Matthews Heights Apt. 630
Martinezfurt, IL 39616",1988-05-22,Saint Pierre and Miquelon
71,Paige Rich,"8831 Samuel Neck
Lake Jonathan, NY 22052",1959-12-03,British Virgin Islands
72,Kevin Walker,"999 Jeffrey Ranch Apt. 498
Palmerton, IA 81255",1959-10-11,British Indian Ocean Territory (Chagos Archipelago)
73,Alicia Pena,"5680 Tommy Lake Suite 238
New Ashleyside, WA 58786",1965-04-15,Micronesia
74,Isaac Powers,"24858 Martin Lodge Suite 230
North Nina, MA 03306",1972-06-16,Guyana
75,Christopher Cohen,"660 Barron Summit
Frankmouth, ID 91128",1974-09-05,Guyana
76,Victoria Ellis,"381 Christopher Islands Apt. 669
Marciaton, MP 77144",1986-03-06,Russian Federation
77,Charles Powell,"4339 Wright Shoal
West Adamport, AK 21040",1990-02-04,Haiti
78,Holly Williams,"5659 Oliver Ranch Suite 791
North Edward, AS 19907",1989-09-07,Nauru
79,David Taylor,"480 Shannon Coves
Nicolestad, WV 79955",1976-08-29,Iceland
80,Robert Williams,"PSC 2635, Box 5571
APO AA 80375",1985-07-16,New Caledonia
81,Andrew Roman,"02614 Ruiz Passage
West Teresamouth, TX 50429",1991-10-18,Djibouti
82,Derek Thornton,"43693 Andrew Fall Suite 647
Port Marie, AL 05317",1958-05-06,Belize
83,Sherry Brown,"32190 Davis Branch Apt. 839
North Alex, FM 69742",1991-10-15,Jordan
84,Melanie Cruz,"PSC 7546, Box 5478
APO AA 88904",1973-03-18,Australia
85,Wendy Dillon,"113 Christian Walks Suite 717
North Nichole, AR 58417",1987-04-02,El Salvador
86,Christopher Coleman,"16735 Stephen Creek
Lake Anthony, FL 72385",1963-01-15,Turkey
87,Sarah Morrison,"9004 Terry Creek Apt. 468
New Alisha, NC 45357",1963-02-15,Macao
88,William Page,"9293 Richardson Inlet Suite 033
West Dana, MT 24151",1973-08-11,Belgium
89,Manuel Brown,"9412 Willis Trail
Jeantown, IN 00665",1985-03-15,Svalbard & Jan Mayen Islands
90,Laura Wilson DDS,"90117 Browning Unions
East Sara, ND 41947",1971-12-25,Greece
91,Richard Griffith,"345 Bates Trace Apt. 623
Hannahberg, WV 90539",1964-06-12,Germany
92,Jason Williams,"542 Sanders Drive Apt. 041
North Brendanberg, MA 81858",1969-03-14,Moldova
93,Brittany Wu,"0530 Curtis Villages
South Maria, OH 91838",1969-03-05,Faroe Islands
94,Philip Pitts,"858 Jennifer Road Suite 785
Trevinoview, IA 16679",1967-03-06,Tunisia
95,Erica Adkins,"93155 Williams River Apt. 424
Port John, SD 24405",1998-11-12,Holy See (Vatican City State)
96,Tracy Fowler,"400 Jennifer Crossroad Suite 439
North Justinbury, NE 90628",1967-11-25,Cyprus
97,Crystal Murphy,"1916 Oconnor Ridges
South Stephen, AK 77636",1973-08-20,Aruba
98,Katherine George,"Unit 2384 Box 0501
DPO AE 35595",1972-02-28,Korea
99,Carolyn Ortiz,"76911 Robinson Ferry Suite 046
Port Nathan, AZ 40017",1979-02-26,Moldova
100,Jorge Singh,"Unit 9788 Box 0811
DPO AP 04950",1965-03-30,Philippines
